Race_Asian_r,[51.92 57.17 48.92 52.36 49.25 51.8  49.05 55.25 49.29 56.32 48.84 56.25]
Race_Asian_v,[39.37 45.03 32.37 43.35 31.26 44.15 32.42 47.56 30.81 47.3  27.1  49.04]
Race_Black_r,[61.27 66.4  63.56 67.46 62.34 68.68 60.94 69.69 62.82 73.12 63.42 69.37]
Race_Black_v,[38.87 52.99 41.78 56.77 42.18 60.04 41.01 64.71 43.5  66.18 39.69 59.42]
Race_Combination_r,[ 0.    0.    0.    0.    0.   69.48 63.1  68.88 61.5  68.47 61.56 65.68]
Race_Combination_v,[ 0.    0.    0.    0.    0.   58.25 39.9  60.01 39.91 57.04 35.07 54.26]
Race_Hawaiian/Pacific Islander_r,[ 0.    0.    0.    0.    0.   58.82 46.74 57.37 50.6  55.64 53.46 50.91]
Race_Hawaiian/Pacific Islander_v,[ 0.    0.    0.    0.    0.   49.16 29.42 50.95 34.65 47.95 32.62 35.59]
Race_Native American_r,[56.35 60.56 58.34 59.7  53.18 57.04 54.17 60.48 51.79 59.73 53.5  57.87]
Race_Native American_v,[37.76 44.68 36.13 47.71 29.58 45.58 30.13 47.52 35.43 46.62 32.06 44.78]
Race_White_r,[68.42 72.04 68.21 70.43 67.87 73.59 69.51 72.01 66.39 71.89 65.94 71.66]
Race_White_v,[50.03 59.59 46.26 60.46 47.38 65.41 49.74 64.39 46.71 62.17 43.41 62.91]
Race_Hispanic_r,[ 0.   58.64 55.2  57.35 53.2  57.86 53.73 59.41 51.6  58.71 51.26 57.26]
Race_Hispanic_v,[ 0.   43.97 32.82 45.1  31.22 47.16 32.32 49.88 31.23 47.96 27.   47.57]
Race_Non-Hispanic_r,[ 0.   71.77 67.97 70.44 67.64 73.38 68.86 72.21 66.63 72.73 66.36 72.1 ]
Race_Non-Hispanic_v,[ 0.   59.32 46.2  60.56 47.36 65.31 49.26 65.08 47.14 63.5  43.87 63.25]
Race_Non-White or Hispanic_r,[ 0.   63.1  59.28 62.35 57.61 62.95 56.96 64.1  56.93 65.01 56.66 62.41]
Race_Non-White or Hispanic_v,[ 0.   49.31 37.76 51.3  37.08 53.57 36.71 56.81 37.35 56.1  33.09 52.71]
Race_White Non-Hispanic_r,[ 0.   73.   69.27 71.57 69.22 75.13 71.19 73.5  68.21 73.73 68.07 73.91]
Race_White Non-Hispanic_v,[ 0.   60.73 47.38 61.82 48.84 67.2  51.6  66.11 48.63 64.14 45.76 65.3 ]
Age_18 - 24_r,[46.76 53.48 43.55 50.69 43.27 57.57 46.3  58.48 45.27 53.63 42.16 55.38]
Age_18 - 24_v,[22.15 35.58 18.49 36.11 19.42 46.75 22.14 48.53 21.26 41.23 17.14 42.95]
Age_25 - 29_r,[53.33 61.33 56.19 61.35 55.7  63.82 57.25 64.87 54.97 64.26 53.2  62.63]
Age_25 - 29_v,[31.39 44.88 27.62 46.89 27.51 52.43 30.33 54.67 27.83 50.84 23.82 50.41]
Age_30 - 39_r,[64.12 68.14 64.79 67.35 63.59 69.27 64.55 69.12 62.66 69.17 62.34 67.79]
Age_30 - 39_v,[43.35 54.27 39.06 56.72 39.1  60.4  40.14 61.31 37.77 58.01 33.99 57.72]
Age_40 - 49_r,[72.33 75.   71.22 72.06 69.93 74.28 69.42 71.5  66.96 72.54 65.93 71.72]
Age_40 - 49_v,[55.29 64.   49.79 63.24 49.84 66.81 49.66 64.94 46.8  63.16 40.91 63.14]
Age_50 - 65_r,[76.19 78.57 75.88 76.42 74.4  77.8  75.03 75.65 71.64 76.25 71.37 74.36]
Age_50 - 65_v,[60.79 69.22 58.19 69.16 57.91 71.61 60.17 70.06 56.61 69.18 51.66 67.1 ]
Age_65+_r,[78.8  79.47 77.68 78.42 78.05 79.26 78.04 77.42 74.86 79.43 75.38 78.03]
Age_65+_v,[63.27 69.14 61.31 69.63 62.83 71.01 62.53 70.31 60.76 72.   59.4  70.89]
Income_0K_12.5K_r,[54.35 59.99 55.71 58.54 56.17 61.6  55.47 63.07 52.89 59.32 50.76 56.6 ]
Income_0K_12.5K_v,[32.22 43.67 31.37 42.93 31.34 47.51 29.86 50.95 30.31 46.52 26.19 42.96]
Income_100K+_r,[81.58 85.   79.58 81.37 78.29 85.44 81.46 84.56 74.83 80.6  72.57 79.3 ]
Income_100K+_v,[65.24 75.61 58.8  74.16 58.3  80.75 63.16 79.38 57.17 73.59 51.32 72.87]
Income_12.5K_20K_r,[63.15 65.34 61.47 64.65 61.49 66.12 61.94 67.   57.06 61.82 55.44 61.52]
Income_12.5K_20K_v,[43.22 49.7  39.04 50.19 38.81 55.07 39.43 56.03 34.6  49.4  31.94 49.09]
Income_20K_40K_r,[66.77 70.22 65.99 68.61 64.53 70.87 66.9  70.52 60.67 66.3  59.52 64.26]
Income_20K_40K_v,[47.33 56.63 43.16 57.2  42.63 60.78 45.23 60.78 40.59 55.89 36.75 53.78]
Income_40K_60K_r,[73.63 75.89 72.05 74.44 70.76 77.35 72.6  75.33 64.72 71.02 64.34 68.79]
Income_40K_60K_v,[55.47 64.04 49.01 64.52 49.39 68.77 51.27 67.32 45.56 61.57 41.7  60.02]
Income_60K_75K_r,[77.81 82.41 76.55 78.62 74.13 80.99 77.22 79.37 68.55 74.6  69.03 73.65]
Income_60K_75K_v,[60.86 71.66 52.96 69.1  53.4  73.58 56.34 72.69 48.93 65.77 45.3  64.78]
Income_75K_100K_r,[ 0.    0.    0.    0.    0.   82.75 76.44 81.51 71.08 76.16 70.76 73.73]
Income_75K_100K_v,[ 0.    0.    0.    0.    0.   77.   56.56 75.71 53.11 68.54 48.13 66.35]
Gender and Marriage_Married Men_r,[73.37 76.31 73.66 75.64 73.3  77.17 74.13 75.29 71.32 76.29 71.42 75.86]
Gender and Marriage_Married Men_v,[57.22 65.34 53.64 66.89 55.33 70.06 56.27 68.84 54.35 68.43 50.88 68.45]
Gender and Marriage_Married Women_r,[73.83 76.76 74.24 76.26 73.91 77.89 74.84 76.64 71.73 77.16 72.01 76.43]
Gender and Marriage_Married Women_v,[55.76 65.95 52.78 67.9  54.01 71.31 56.22 70.93 53.62 69.49 50.18 69.6 ]
Gender and Marriage_Single Men_r,[53.84 58.57 53.29 56.24 52.33 60.59 54.48 60.49 53.49 60.53 52.22 59.7 ]
Gender and Marriage_Single Men_v,[33.44 43.43 31.19 44.48 31.13 50.15 33.79 51.32 32.55 48.8  28.48 48.18]
Gender and Marriage_Single Women_r,[61.29 66.63 61.35 64.55 61.21 68.53 62.49 68.53 61.12 68.6  60.51 67.5 ]
Gender and Marriage_Single Women_v,[39.55 51.83 37.16 52.29 37.93 58.56 40.05 59.81 38.31 57.76 35.6  57.01]
"Citizenship Status_Foreign Born, Not a US Citizen_r",[0. 0. 0. 0. 0. 0. 0. 0. 0. 0. 0. 0.]
"Citizenship Status_Foreign Born, Not a US Citizen_v",[0. 0. 0. 0. 0. 0. 0. 0. 0. 0. 0. 0.]
"Citizenship Status_Foreign Born, US Cit By Naturalization_r",[58.64 62.95 54.83 58.13 54.76 61.18 54.26 60.5  54.22 62.07 55.89 61.7 ]
"Citizenship Status_Foreign Born, US Cit By Naturalization_v",[44.75 52.71 38.02 50.58 36.63 53.66 36.65 53.96 36.96 53.65 34.05 54.28]
"Citizenship Status_Native, Born Abroad Of US Parent(s)_r",[53.15 59.31 55.61 61.45 60.25 60.13 56.32 60.66 54.68 62.8  58.07 62.29]
"Citizenship Status_Native, Born Abroad Of US Parent(s)_v",[40.7  49.18 36.23 51.71 37.78 54.62 36.6  53.99 38.78 53.63 35.57 55.1 ]
"Citizenship Status_Native, Born in PR or US Outlying Area_r",[52.02 52.82 53.87 54.39 49.98 53.88 45.86 58.38 49.97 60.16 57.02 53.05]
"Citizenship Status_Native, Born in PR or US Outlying Area_v",[31.2  39.9  32.73 45.63 30.26 42.76 29.65 48.05 29.79 50.04 28.61 42.89]
"Citizenship Status_Native, Born In US_r",[67.71 71.59 68.   70.39 67.49 73.16 68.86 72.07 66.32 72.2  65.63 71.43]
"Citizenship Status_Native, Born In US_v",[48.69 58.87 45.88 60.18 46.94 64.81 48.91 64.65 46.5  62.72 42.89 62.32]
RAE_Non-White_r,[57.96 63.1  59.28 62.35 57.61 62.95 56.96 64.1  56.93 65.01 56.66 62.41]
RAE_Non-White_v,[37.5  49.31 37.76 51.3  37.08 53.57 36.71 56.81 37.35 56.1  33.09 52.71]
RAE_Other White_r,[77.57 79.29 76.65 77.48 76.22 79.83 77.56 77.4  73.88 78.28 74.07 78.15]
RAE_Other White_v,[62.09 69.49 57.67 69.94 59.11 73.39 61.16 71.53 58.02 70.79 54.71 71.33]
RAE_White RAE_r,[59.36 64.88 59.28 63.35 59.32 68.32 61.9  67.79 60.08 67.08 59.28 67.77]
RAE_White RAE_v,[37.46 49.43 33.45 50.5  34.34 58.22 37.64 58.19 35.16 54.41 32.62 56.55]
Detailed Hispanic Ethnicity_Central or South American_r,[47.08 61.9  54.68 56.3  51.19 59.81 51.89 64.67 50.11 65.53 58.81 64.77]
Detailed Hispanic Ethnicity_Central or South American_v,[32.56 52.76 37.53 49.17 30.72 53.5  33.37 60.89 32.99 57.12 34.23 57.1 ]
Detailed Hispanic Ethnicity_Cuban_r,[65.51 69.49 69.68 74.01 66.44 71.29 60.06 77.34 66.44 76.48 60.65 65.21]
Detailed Hispanic Ethnicity_Cuban_v,[51.51 58.69 48.1  64.56 47.13 64.22 35.15 69.39 49.31 67.22 37.91 57.77]
Detailed Hispanic Ethnicity_Mexican_r,[53.05 57.5  52.55 55.5  52.86 54.82 52.56 55.85 49.51 53.87 47.72 54.61]
Detailed Hispanic Ethnicity_Mexican_v,[33.31 41.81 29.44 41.62 29.75 43.23 30.87 45.12 28.66 42.23 24.31 44.36]
Detailed Hispanic Ethnicity_Other Hispanic_r,[47.96 57.5  56.87 55.73 53.17 69.15 64.16 63.43 60.91 63.47 56.39 61.32]
Detailed Hispanic Ethnicity_Other Hispanic_v,[32.63 44.3  35.03 44.45 34.08 56.35 44.97 52.79 42.5  53.67 32.16 51.79]
Detailed Hispanic Ethnicity_Puerto Rican_r,[50.44 54.64 57.55 57.3  49.28 58.28 52.95 60.23 53.32 63.42 53.51 55.87]
Detailed Hispanic Ethnicity_Puerto Rican_v,[28.48 38.59 32.85 45.74 26.91 47.02 29.72 49.73 29.59 52.79 25.36 45.92]
Detailed Asian Ethnicity_Asian Indian_r,[ 0.    0.    0.    0.    0.    0.    0.    0.    0.    0.   50.57 68.  ]
Detailed Asian Ethnicity_Asian Indian_v,[ 0.    0.    0.    0.    0.    0.    0.    0.    0.    0.   25.9  62.01]
Detailed Asian Ethnicity_Chinese_r,[ 0.    0.    0.    0.    0.    0.    0.    0.    0.    0.   46.86 47.44]
Detailed Asian Ethnicity_Chinese_v,[ 0.    0.    0.    0.    0.    0.    0.    0.    0.    0.   25.97 41.56]
Detailed Asian Ethnicity_Filipino_r,[ 0.    0.    0.    0.    0.    0.    0.    0.    0.    0.   49.6  58.75]
Detailed Asian Ethnicity_Filipino_v,[ 0.    0.    0.    0.    0.    0.    0.    0.    0.    0.   25.53 50.3 ]
Detailed Asian Ethnicity_Japanese_r,[ 0.    0.    0.    0.    0.    0.    0.    0.    0.    0.   63.67 66.7 ]
Detailed Asian Ethnicity_Japanese_v,[ 0.    0.    0.    0.    0.    0.    0.    0.    0.    0.   47.66 61.3 ]
Detailed Asian Ethnicity_Korean_r,[ 0.    0.    0.    0.    0.    0.    0.    0.    0.    0.   45.79 55.37]
Detailed Asian Ethnicity_Korean_v,[ 0.    0.    0.    0.    0.    0.    0.    0.    0.    0.   25.6  45.55]
Detailed Asian Ethnicity_Other Asian_r,[ 0.    0.    0.    0.    0.    0.    0.    0.    0.    0.   45.   51.82]
Detailed Asian Ethnicity_Other Asian_v,[ 0.    0.    0.    0.    0.    0.    0.    0.    0.    0.   21.38 45.52]
Detailed Asian Ethnicity_Vietnamese_r,[ 0.    0.    0.    0.    0.    0.    0.    0.    0.    0.   49.44 55.76]
Detailed Asian Ethnicity_Vietnamese_v,[ 0.    0.    0.    0.    0.    0.    0.    0.    0.    0.   31.49 46.13]
Disabled Status_Disabled_r,[ 0.    0.    0.    0.    0.    0.    0.    0.   64.09 69.21 64.56 68.25]
Disabled Status_Disabled_v,[ 0.    0.    0.    0.    0.    0.    0.    0.   42.83 56.79 40.85 55.94]
Disabled Status_Not Disabled_r,[ 0.    0.    0.    0.    0.    0.    0.    0.   65.26 71.5  64.65 70.64]
Disabled Status_Not Disabled_v,[ 0.    0.    0.    0.    0.    0.    0.    0.   45.91 62.55 42.11 62.18]
Educational Attainment_Advanced Degree_r,[86.59 89.82 83.74 86.06 83.48 87.3  82.29 85.78 80.96 85.65 79.3  84.62]
Educational Attainment_Advanced Degree_v,[75.14 83.3  68.54 81.87 68.98 84.22 69.61 82.72 67.1  81.35 62.02 80.27]
Educational Attainment_Bachelor's Degree_r,[79.16 83.22 78.59 81.89 79.02 82.14 77.86 81.2  75.31 81.65 74.13 80.47]
Educational Attainment_Bachelor's Degree_v,[63.78 74.09 57.49 75.38 60.65 77.53 61.12 77.   57.66 74.96 53.2  74.19]
Educational Attainment_Completed High School_r,[62.37 65.46 61.89 63.87 60.86 66.23 61.9  64.06 58.12 63.75 57.56 62.55]
Educational Attainment_Completed High School_v,[42.87 51.7  39.17 52.46 39.49 56.36 40.55 54.86 37.93 52.62 33.93 51.55]
Educational Attainment_No High School_r,[55.33 56.78 55.91 52.99 50.26 53.43 49.79 49.05 44.97 49.3  44.01 42.33]
Educational Attainment_No High School_v,[32.11 41.74 33.44 39.32 30.15 38.81 28.86 38.14 26.34 37.12 23.74 31.68]
Educational Attainment_Non-Bachelor's College Degree_r,[75.04 79.04 74.58 76.22 73.44 78.83 74.68 77.24 72.07 76.27 72.22 75.85]
Educational Attainment_Non-Bachelor's College Degree_v,[56.04 66.7  52.38 67.39 52.61 71.84 54.77 70.93 50.75 67.1  47.3  66.93]
Educational Attainment_Some College_r,[70.54 75.04 70.18 72.15 68.32 76.08 69.86 74.42 66.63 73.36 63.85 71.71]
Educational Attainment_Some College_v,[49.91 61.87 46.84 61.47 45.92 67.68 47.06 66.74 44.28 62.8  38.79 61.46]
Educational Attainment_Some High School_r,[49.33 52.82 48.73 51.88 47.76 52.62 46.59 51.09 44.49 50.64 44.55 46.93]
Educational Attainment_Some High School_v,[29.94 37.27 27.63 37.96 26.71 39.75 26.83 39.87 24.55 38.32 21.66 35.35]
MSA size_Large Metro_r,[ 0.   71.02 66.58 69.61 66.13 71.44 66.66 70.97 64.88 71.26 63.72 70.89]
MSA size_Large Metro_v,[ 0.   59.3  46.07 60.66 45.84 64.27 47.59 64.66 45.85 62.42 41.26 62.28]
MSA size_Medium Metro_r,[ 0.   70.13 66.21 68.12 65.9  71.94 67.08 70.63 64.65 70.29 63.7  68.73]
MSA size_Medium Metro_v,[ 0.   58.24 43.78 58.09 45.94 63.37 47.55 62.97 44.81 61.33 41.78 59.98]
MSA size_Not Identified or NonMetropolitan_r,[ 0.   71.62 68.74 70.72 67.61 73.29 69.57 71.15 66.02 71.79 67.78 70.66]
MSA size_Not Identified or NonMetropolitan_v,[ 0.   56.7  45.19 58.59 46.58 63.05 48.7  61.62 45.34 60.69 43.71 60.86]
MSA size_Small Metro_r,[ 0.   70.94 68.14 69.49 67.92 73.63 69.36 71.76 65.46 71.7  65.48 69.82]
MSA size_Small Metro_v,[ 0.   58.28 45.58 59.06 47.2  64.47 47.44 63.92 45.76 61.82 42.68 59.75]
MSA status_Balance Metropolitan_r,[68.08 71.66 67.45 70.11 67.31 72.53 68.59 71.97 66.   72.12 65.34 71.49]
MSA status_Balance Metropolitan_v,[50.18 60.07 46.13 60.86 46.55 65.15 49.22 65.17 46.58 63.05 42.8  62.99]
MSA status_Non-Metropolitan_r,[68.33 71.39 69.1  70.88 67.81 73.38 69.81 70.98 65.77 71.77 68.05 70.51]
MSA status_Non-Metropolitan_v,[47.87 56.43 45.45 58.47 46.85 62.94 49.18 61.24 45.31 60.73 44.24 60.72]
MSA status_Not Identified_r,[66.24 71.17 67.57 70.15 67.75 73.11 68.57 72.06 66.3  71.5  65.65 69.65]
MSA status_Not Identified_v,[46.73 58.35 44.34 59.07 46.41 64.36 47.97 64.16 46.49 61.66 42.46 59.9 ]
MSA status_Principal City_r,[64.93 69.12 64.45 66.76 63.16 69.82 63.68 68.72 62.45 69.15 60.99 68.74]
MSA status_Principal City_v,[46.91 56.98 44.23 57.98 44.51 61.84 44.38 62.26 43.33 60.5  38.97 59.87]
Registration Method_DMV_r,[  0.   0.   0.   0.   0. 100. 100. 100. 100. 100. 100. 100.]
Registration Method_DMV_v,[ 0.    0.    0.    0.    0.   85.44 62.99 86.51 62.68 83.66 58.82 85.16]
Registration Method_Mail_r,[  0. 100. 100. 100. 100. 100. 100. 100. 100. 100. 100. 100.]
Registration Method_Mail_v,[ 0.   82.02 62.08 85.6  66.06 89.99 72.68 92.18 73.17 88.37 66.33 87.91]
Registration Method_Online_r,[  0.   0.   0.   0.   0.   0.   0.   0. 100. 100. 100. 100.]
Registration Method_Online_v,[ 0.    0.    0.    0.    0.    0.    0.    0.   65.32 89.93 61.78 89.88]
Registration Method_Public Assitance Agency_r,[  0. 100. 100. 100. 100. 100. 100. 100. 100. 100. 100. 100.]
Registration Method_Public Assitance Agency_v,[ 0.   50.5  39.9  58.15 41.45 74.78 47.34 81.47 46.45 68.95 44.55 74.98]
Registration Method_Registration Drive_r,[  0. 100. 100. 100. 100. 100. 100. 100. 100. 100. 100. 100.]
Registration Method_Registration Drive_v,[ 0.   80.87 57.36 84.35 59.76 88.19 72.1  89.36 69.3  86.33 63.53 86.19]
Registration Method_Registration Office_r,[  0. 100. 100. 100. 100. 100. 100. 100. 100. 100. 100. 100.]
Registration Method_Registration Office_v,[ 0.   83.38 63.85 85.62 68.36 90.83 76.7  91.21 75.74 89.44 72.46 90.2 ]
Registration Method_Same Day at Polls_r,[  0. 100. 100. 100. 100. 100. 100. 100. 100. 100. 100. 100.]
Registration Method_Same Day at Polls_v,[ 0.   95.81 72.9  89.1  72.52 93.48 79.46 93.07 77.38 91.82 73.11 92.28]
"Registration Method_School, Hospital, or Campus_r",[  0. 100. 100. 100. 100. 100. 100. 100. 100. 100. 100. 100.]
"Registration Method_School, Hospital, or Campus_v",[ 0.   67.67 46.27 71.82 45.88 86.61 65.63 89.62 66.97 85.66 60.6  85.47]
Registration Method_Unknown / Don't Know_r,[  0. 100. 100. 100. 100. 100. 100. 100. 100. 100. 100. 100.]
Registration Method_Unknown / Don't Know_v,[ 0.   75.43 56.4  78.93 60.08 87.25 69.43 89.08 70.28 86.54 64.28 86.29]
Rental Status_Occupier Not Paying Rent_r,[58.38 64.13 59.74 64.58 59.11 60.12 58.83 64.78 57.24 67.72 54.54 56.31]
Rental Status_Occupier Not Paying Rent_v,[36.89 51.78 34.14 50.87 35.69 48.65 37.28 53.15 38.08 53.1  32.97 45.23]
Rental Status_Owner_r,[73.57 75.87 72.62 73.74 71.48 76.07 72.52 74.46 69.67 75.02 70.28 74.44]
Rental Status_Owner_v,[55.4  64.34 51.38 64.7  52.17 68.74 53.78 67.81 51.5  66.87 48.72 66.85]
Rental Status_Renter_r,[50.92 57.84 51.62 56.72 51.39 59.6  51.85 60.92 52.86 61.32 51.39 61.06]
Rental Status_Renter_v,[30.71 42.37 28.37 43.76 27.67 48.3  28.87 51.64 29.34 48.85 25.89 48.91]
In-School Status_College or University Student_r,[59.05 65.99 52.25 62.73 51.85 70.41 56.16 68.8  52.92 64.56 54.46 66.49]
In-School Status_College or University Student_v,[28.9  47.41 24.2  47.99 23.78 60.17 27.28 59.65 26.5  52.66 25.9  55.27]
In-School Status_High School Student_r,[29.54 39.4  23.12 30.03 24.44 42.4  22.97 41.31 20.32 31.76 20.36 29.55]
In-School Status_High School Student_v,[15.52 28.93 11.37 24.43 15.84 36.   15.57 35.61 11.99 26.86 10.52 25.37]
In-School Status_Not in School_r,[41.08 47.49 68.25 45.24 67.71 72.46 68.56 71.39 66.24 72.03 65.97 71.07]
In-School Status_Not in School_v,[18.75 29.11 46.66 29.69 47.58 64.25 49.14 64.11 46.93 62.72 43.62 62.26]
Total_Total_r,[67.13 70.95 67.1  69.51 66.54 72.11 67.56 71.   65.12 71.21 64.64 70.34]
Total_Total_v,[48.35 58.36 45.3  59.47 46.13 63.82 47.8  63.64 45.53 61.81 41.94 61.38]
"Race, Income_Hispanic, 0K_12.5K_r",[ 0.   51.85 50.91 46.98 49.03 53.45 44.6  52.9  43.66 49.99 42.16 45.73]
"Race, Income_Hispanic, 0K_12.5K_v",[ 0.   35.82 25.9  33.44 24.79 38.02 21.01 39.96 25.01 38.63 19.9  36.77]
"Race, Income_Hispanic, 100K+_r",[ 0.   76.03 70.44 75.13 66.6  73.19 72.49 81.31 65.32 68.32 62.79 70.2 ]
"Race, Income_Hispanic, 100K+_v",[ 0.   64.53 51.13 66.54 43.14 67.41 52.2  73.51 45.29 58.52 38.9  63.04]
"Race, Income_Hispanic, 12.5K_20K_r",[ 0.   53.09 49.91 53.32 49.4  51.27 44.48 51.32 48.76 54.52 45.15 54.62]
"Race, Income_Hispanic, 12.5K_20K_v",[ 0.   35.53 28.05 38.6  30.06 39.63 28.26 39.76 26.5  42.34 22.91 44.21]
"Race, Income_Hispanic, 20K_40K_r",[ 0.   60.11 54.72 56.63 52.03 56.72 53.15 56.05 47.44 53.25 47.47 50.18]
"Race, Income_Hispanic, 20K_40K_v",[ 0.   44.15 32.12 43.63 27.56 44.78 28.53 44.72 27.48 42.97 24.31 39.13]
"Race, Income_Hispanic, 40K_60K_r",[ 0.   65.39 59.81 64.19 57.41 65.3  59.08 66.75 50.41 59.1  48.62 53.34]
"Race, Income_Hispanic, 40K_60K_v",[ 0.   50.76 34.11 51.34 33.79 52.72 34.78 55.52 30.29 47.33 22.91 44.65]
"Race, Income_Hispanic, 60K_75K_r",[ 0.   77.44 68.1  67.23 59.74 68.96 68.4  66.56 55.28 66.1  53.8  62.58]
"Race, Income_Hispanic, 60K_75K_v",[ 0.   65.04 47.61 51.7  39.59 60.34 44.89 57.2  32.22 54.6  26.8  49.85]
"Race, Income_Hispanic, 75K_100K_r",[ 0.    0.    0.    0.    0.   73.22 67.51 74.78 59.26 69.12 62.25 64.76]
"Race, Income_Hispanic, 75K_100K_v",[ 0.    0.    0.    0.    0.   65.11 45.25 67.13 39.57 60.4  36.22 54.86]
"Race, Income_Hispanic, Not in Universe_r","[41.35 43.11 44.21 40.93 42.48 37.3  41.26 60.91 56.3  60.04 57.07 62.57
 56.89 64.76 54.23 60.87 52.13 58.37]"
"Race, Income_Hispanic, Not in Universe_v","[35.23 26.22 36.14 26.17 35.09 22.16 36.21 44.56 32.03 44.16 32.16 48.64
 31.02 52.76 31.08 47.82 27.2  43.96]"
"Race, Income_Non-Hispanic, 100K+_r",[ 0.   85.32 79.95 81.64 78.87 85.94 81.94 84.77 75.43 81.45 73.32 80.11]
"Race, Income_Non-Hispanic, 100K+_v",[ 0.   76.01 59.11 74.5  59.05 81.3  63.74 79.77 57.91 74.64 52.27 73.74]
"Race, Income_Non-Hispanic, 12.5K_20K_r",[ 0.   66.54 62.77 65.97 63.14 68.16 64.21 69.05 58.31 63.13 57.07 62.71]
"Race, Income_Non-Hispanic, 12.5K_20K_v",[ 0.   51.08 40.28 51.54 40.   57.2  40.89 58.15 35.82 50.67 33.37 49.93]
"Race, Income_Non-Hispanic, 20K_40K_r",[ 0.   70.99 66.94 69.77 65.86 72.53 68.61 72.63 62.49 68.34 61.55 66.65]
"Race, Income_Non-Hispanic, 20K_40K_v",[ 0.   57.57 44.09 58.52 44.23 62.66 47.32 63.12 42.39 57.91 38.85 56.26]
"Race, Income_Non-Hispanic, 40K_60K_r",[ 0.   76.43 72.85 75.2  71.87 78.44 73.92 76.27 66.41 72.49 66.64 71.19]
"Race, Income_Non-Hispanic, 40K_60K_v",[ 0.   64.71 49.98 65.5  50.69 70.22 52.88 68.61 47.37 63.33 44.43 62.41]
"Race, Income_Non-Hispanic, 60K_75K_r",[ 0.   82.62 76.91 79.27 75.04 81.92 77.94 80.61 70.11 75.5  70.97 75.04]
"Race, Income_Non-Hispanic, 60K_75K_v",[ 0.   71.94 53.19 70.09 54.27 74.61 57.28 74.19 50.89 66.95 47.66 66.65]
"Race, Income_Non-Hispanic, 75K_100K_r",[ 0.    0.    0.    0.    0.   83.33 77.14 82.06 72.08 76.86 71.64 74.88]
"Race, Income_Non-Hispanic, 75K_100K_v",[ 0.    0.    0.    0.    0.   77.72 57.44 76.41 54.25 69.36 49.35 67.83]
"Race, Income_Non-Hispanic, Not in Universe_r","[58.56 53.77 56.36 54.23 57.88 52.52 53.48 42.22 42.08 38.16 46.58 38.
 58.86 54.76 52.02 33.46 55.15 28.28 46.5 ]"
"Race, Income_Non-Hispanic, Not in Universe_v","[48.88 38.06 49.22 39.05 51.11 38.02 48.3  25.6  32.89 28.22 38.87 18.46
 45.37 29.43 46.89 19.75 42.5  18.46 36.66]"
"Race, Income_Asian, 100K+_r",[59.75 70.25 63.89 61.58 63.57 65.23 63.59 70.23 58.72 64.65 53.78 64.25]
"Race, Income_Asian, 100K+_v",[49.64 58.8  43.58 53.2  44.06 59.08 44.18 60.41 37.94 56.13 28.67 57.88]
"Race, Income_Asian, 12.5K_20K_r",[53.39 45.25 36.09 52.91 38.83 49.55 51.16 46.05 28.35 52.2  44.14 50.78]
"Race, Income_Asian, 12.5K_20K_v",[39.76 35.51 25.24 40.95 16.   43.22 31.68 39.29 17.99 39.35 24.73 42.91]
"Race, Income_Asian, 20K_40K_r",[48.15 59.09 45.75 52.75 43.48 50.38 49.76 50.87 40.9  45.24 45.54 44.8 ]
"Race, Income_Asian, 20K_40K_v",[35.58 44.15 28.55 42.22 26.35 39.62 33.99 42.04 23.72 38.52 26.75 39.  ]
"Race, Income_Asian, 40K_60K_r",[47.94 57.26 47.65 52.45 51.77 48.93 55.52 58.04 49.96 50.77 44.11 50.36]
"Race, Income_Asian, 40K_60K_v",[36.94 46.17 30.25 41.13 33.4  37.   35.12 47.09 32.42 42.66 24.36 42.85]
"Race, Income_Asian, 60K_75K_r",[65.11 65.56 56.93 54.24 47.5  59.89 57.5  61.19 50.32 58.61 54.55 60.09]
"Race, Income_Asian, 60K_75K_v",[47.77 49.33 32.58 41.57 27.79 53.73 39.88 49.15 30.16 49.22 31.56 50.83]
"Race, Income_Asian, 75K_100K_r",[ 0.    0.    0.    0.    0.   56.46 50.18 73.97 53.82 56.22 51.84 57.36]
"Race, Income_Asian, 75K_100K_v",[ 0.    0.    0.    0.    0.   50.37 29.64 68.73 33.55 45.88 27.88 49.48]
"Race, Income_Asian, Not in Universe_r","[43.55 35.48 31.07 37.01 32.56 36.96 30.39 31.05 56.68 61.88 57.43 62.83
 58.54 67.3  58.61 69.53 60.34 66.93 58.17 62.62]"
"Race, Income_Asian, Not in Universe_v","[33.87 26.98 24.14 32.38 19.47 31.97 21.11 27.99 31.49 45.42 32.41 45.94
 32.67 52.59 29.96 61.53 35.27 57.13 30.68 47.51]"
"Race, Income_Black, 100K+_r",[76.25 84.42 79.32 83.04 77.96 79.93 76.   79.48 67.47 80.08 69.15 75.  ]
"Race, Income_Black, 100K+_v",[60.97 77.38 62.32 76.01 61.47 77.5  61.05 77.24 52.72 76.7  48.56 70.26]
"Race, Income_Black, 12.5K_20K_r",[59.46 62.83 59.41 66.31 62.42 70.29 64.69 74.87 57.96 65.81 59.61 65.08]
"Race, Income_Black, 12.5K_20K_v",[36.9  48.58 36.66 52.21 37.12 60.46 36.6  67.84 35.52 56.89 35.4  51.54]
"Race, Income_Black, 20K_40K_r",[65.36 68.55 67.52 70.44 63.96 74.37 65.39 76.19 61.94 73.43 61.67 68.48]
"Race, Income_Black, 20K_40K_v",[41.35 55.42 43.58 59.74 42.9  64.4  42.19 70.19 42.27 66.65 37.98 57.34]
"Race, Income_Black, 40K_60K_r",[67.7  74.99 71.   72.44 69.2  76.32 72.25 77.3  65.29 74.89 63.12 71.53]
"Race, Income_Black, 40K_60K_v",[47.94 62.29 50.31 64.89 49.19 69.19 51.92 71.85 48.73 68.11 40.12 62.66]
"Race, Income_Black, 60K_75K_r",[72.41 84.14 79.19 77.41 68.57 80.65 73.99 84.3  64.62 77.38 68.52 70.54]
"Race, Income_Black, 60K_75K_v",[50.01 75.1  54.18 69.48 53.69 75.54 57.41 80.43 49.66 71.95 47.3  63.75]
"Race, Income_Black, 75K_100K_r",[ 0.    0.    0.    0.    0.   79.72 72.45 81.23 66.26 77.7  73.71 74.36]
"Race, Income_Black, 75K_100K_v",[ 0.    0.    0.    0.    0.   76.82 57.6  78.62 51.11 72.38 50.73 67.67]
"Race, Income_Black, Not in Universe_r","[48.1  54.66 49.29 53.8  50.17 48.99 42.35 48.06 59.27 49.62 66.87 50.24
 62.69 50.13 54.61]"
"Race, Income_Black, Not in Universe_v","[33.28 43.62 34.69 46.45 35.29 42.33 30.26 45.09 42.6  20.87 52.1  28.1
 51.5  24.31 40.91]"
"Race, Income_Combination, 100K+_r",[ 0.    0.    0.    0.    0.   85.54 69.6  77.91 75.54 74.85 71.44 77.87]
"Race, Income_Combination, 100K+_v",[ 0.    0.    0.    0.    0.   79.09 49.28 69.25 60.86 63.38 42.88 68.77]
"Race, Income_Combination, 12.5K_20K_r",[ 0.    0.    0.    0.    0.   60.86 57.9  63.83 51.32 68.9  55.2  58.84]
"Race, Income_Combination, 12.5K_20K_v",[ 0.    0.    0.    0.    0.   45.95 33.68 56.45 24.17 51.74 27.35 37.15]
"Race, Income_Combination, 20K_40K_r",[ 0.    0.    0.    0.    0.   69.3  60.89 68.1  60.91 65.57 53.71 58.26]
"Race, Income_Combination, 20K_40K_v",[ 0.    0.    0.    0.    0.   59.85 33.11 58.55 35.76 55.41 31.93 47.36]
"Race, Income_Combination, 40K_60K_r",[ 0.    0.    0.    0.    0.   70.9  68.69 78.41 60.59 69.13 65.6  61.94]
"Race, Income_Combination, 40K_60K_v",[ 0.    0.    0.    0.    0.   59.26 46.2  69.79 40.63 56.69 35.5  49.8 ]
"Race, Income_Combination, 60K_75K_r",[ 0.    0.    0.    0.    0.   76.56 72.51 76.51 65.1  70.   69.79 71.81]
"Race, Income_Combination, 60K_75K_v",[ 0.    0.    0.    0.    0.   60.58 44.61 67.4  37.19 59.27 39.25 58.75]
"Race, Income_Combination, 75K_100K_r",[ 0.    0.    0.    0.    0.   76.36 69.26 77.24 59.39 68.07 63.94 67.57]
"Race, Income_Combination, 75K_100K_v",[ 0.    0.    0.    0.    0.   70.63 49.91 70.53 44.33 58.69 41.76 60.61]
"Race, Income_Combination, Not in Universe_r",[ 0.    0.   58.71 54.89 47.86 75.54 15.45 64.4  36.62 15.81 33.05 43.63]
"Race, Income_Combination, Not in Universe_v",[ 0.    0.   48.23 39.58 42.41 74.5  12.5  48.38  8.38 15.81 14.26 28.88]
"Race, Income_Hawaiian/Pacific Islander, 100K+_r",[ 0.    0.    0.    0.    0.   72.39 60.2  86.39 57.37 66.54 58.57 68.15]
"Race, Income_Hawaiian/Pacific Islander, 100K+_v",[ 0.    0.    0.    0.    0.   72.39 56.52 86.39 37.9  56.8  44.13 57.15]
"Race, Income_Hawaiian/Pacific Islander, 12.5K_20K_r",[ 0.    0.    0.    0.    0.   23.08 65.98 24.55 47.62 52.85 44.52 37.42]
"Race, Income_Hawaiian/Pacific Islander, 12.5K_20K_v",[ 0.    0.    0.    0.    0.   13.93 25.11 17.58 26.71 52.85 44.52 29.71]
"Race, Income_Hawaiian/Pacific Islander, 20K_40K_r",[ 0.    0.    0.    0.    0.   69.58 50.4  49.66 54.43 61.3  54.77 44.04]
"Race, Income_Hawaiian/Pacific Islander, 20K_40K_v",[ 0.    0.    0.    0.    0.   46.7  22.42 38.22 44.34 56.63 34.2  28.15]
"Race, Income_Hawaiian/Pacific Islander, 40K_60K_r",[ 0.    0.    0.    0.    0.   49.41 34.35 51.3  45.42 63.88 56.1  49.16]
"Race, Income_Hawaiian/Pacific Islander, 40K_60K_v",[ 0.    0.    0.    0.    0.   32.02 16.4  44.38 32.71 50.49 30.1  31.66]
"Race, Income_Hawaiian/Pacific Islander, 60K_75K_r",[ 0.    0.    0.    0.    0.   62.91 71.75 68.47 63.94 65.6  61.53 58.95]
"Race, Income_Hawaiian/Pacific Islander, 60K_75K_v",[ 0.    0.    0.    0.    0.   57.35 38.48 60.86 41.33 51.3  42.23 37.49]
"Race, Income_Hawaiian/Pacific Islander, 75K_100K_r",[ 0.    0.    0.    0.    0.   59.64 50.58 63.17 39.87 43.98 51.22 46.27]
"Race, Income_Hawaiian/Pacific Islander, 75K_100K_v",[ 0.    0.    0.    0.    0.   57.88 28.42 56.82 36.26 37.45 21.96 33.43]
"Race, Income_Hawaiian/Pacific Islander, Not in Universe_r","[52.62 21.   35.52 43.57 49.17 52.47 49.44 48.85 53.33 50.04 57.71 34.42
 60.73 42.25 43.01]"
"Race, Income_Hawaiian/Pacific Islander, Not in Universe_v","[46.03 10.64 35.52 23.85 31.93 28.73 34.71 21.26 40.26 20.62 39.79 22.64
 44.59 18.99 27.86]"
"Race, Income_Native American, 100K+_r",[83.27 73.52 83.23 74.64 79.3  64.68 76.52 74.13 78.61 65.91 62.61 70.53]
"Race, Income_Native American, 100K+_v",[64.34 66.12 58.45 70.23 55.97 64.68 53.87 64.83 63.03 47.67 44.15 60.9 ]
"Race, Income_Native American, 12.5K_20K_r",[54.3  63.92 66.01 49.5  45.01 56.4  58.73 59.19 45.71 55.63 42.25 45.82]
"Race, Income_Native American, 12.5K_20K_v",[35.09 39.49 38.91 31.44 28.18 40.99 38.68 38.85 26.4  34.83 22.29 37.  ]
"Race, Income_Native American, 20K_40K_r",[62.63 64.11 57.65 59.9  48.5  56.64 62.37 60.25 50.78 52.71 51.01 58.25]
"Race, Income_Native American, 20K_40K_v",[45.55 46.09 35.18 45.28 26.42 43.63 28.72 46.76 35.68 43.04 28.29 42.11]
"Race, Income_Native American, 40K_60K_r",[66.97 75.25 65.04 65.02 58.01 71.36 58.75 72.68 55.11 61.31 53.54 61.87]
"Race, Income_Native American, 40K_60K_v",[48.6  60.61 41.91 55.44 28.75 57.69 33.05 62.07 39.07 48.24 38.2  45.13]
"Race, Income_Native American, 60K_75K_r",[76.96 59.92 59.31 85.82 65.38 72.58 61.44 80.74 66.6  69.16 65.62 62.75]
"Race, Income_Native American, 60K_75K_v",[58.81 53.76 35.1  74.02 44.77 58.32 46.27 67.79 34.07 63.29 42.75 48.48]
"Race, Income_Native American, 75K_100K_r",[ 0.    0.    0.    0.    0.   61.5  56.71 65.63 56.79 70.79 66.9  61.57]
"Race, Income_Native American, 75K_100K_v",[ 0.    0.    0.    0.    0.   52.75 43.91 60.91 47.42 61.56 38.26 55.27]
"Race, Income_Native American, Not in Universe_r","[41.06 42.85 38.59 54.73 43.98 39.59 30.27 39.52 38.   73.54 50.87 55.53
 53.69 69.07 31.15 54.23 59.93 55.57 57.56 56.06 59.87 54.7  61.03 51.59
 56.74 49.26 55.42]"
"Race, Income_Native American, Not in Universe_v","[22.29 31.32 28.17 46.96 20.52 34.38 20.49 29.72 16.64 54.8  27.85 37.73
 34.16 51.87 15.33 32.94 43.54 31.14 42.18 31.49 46.   30.35 47.45 29.3
 42.78 25.12 42.2 ]"
"Race, Income_White, 100K+_r",[82.56 85.67 80.23 82.14 78.99 87.04 83.02 85.85 76.42 81.98 74.44 80.94]
"Race, Income_White, 100K+_v",[65.99 76.24 59.24 74.96 58.8  82.32 64.58 80.86 58.73 74.91 53.53 74.45]
"Race, Income_White, 12.5K_20K_r",[64.13 66.22 62.33 64.7  62.09 66.21 61.7  65.79 58.02 61.21 54.95 61.49]
"Race, Income_White, 12.5K_20K_v",[44.62 50.3  39.82 50.16 39.9  54.94 40.49 53.8  35.28 48.23 31.53 49.29]
"Race, Income_White, 20K_40K_r",[67.34 70.77 66.42 68.87 65.42 71.01 67.85 70.31 61.29 66.01 59.97 64.57]
"Race, Income_White, 20K_40K_v",[48.36 57.19 43.6  57.37 43.24 60.96 46.56 59.9  41.04 54.75 37.19 54.15]
"Race, Income_White, 40K_60K_r",[74.78 76.42 72.89 75.3  71.62 78.56 73.38 75.79 65.41 71.4  65.57 69.6 ]
"Race, Income_White, 40K_60K_v",[56.64 64.63 49.43 65.14 50.08 70.01 51.95 67.6  45.81 61.63 42.91 60.97]
"Race, Income_White, 60K_75K_r",[78.52 82.96 77.01 79.37 75.47 81.9  78.18 79.5  69.84 75.15 69.84 74.99]
"Race, Income_White, 60K_75K_v",[61.9  72.23 53.55 69.78 54.16 74.41 56.99 72.77 49.96 65.95 45.87 66.11]
"Race, Income_White, 75K_100K_r",[ 0.    0.    0.    0.    0.   84.17 78.3  82.03 72.66 77.4  71.82 74.97]
"Race, Income_White, 75K_100K_v",[ 0.    0.    0.    0.    0.   78.22 58.   75.93 54.38 69.76 49.37 67.55]
"Race, Income_White, Not in Universe_r","[57.83 58.9  54.53 56.59 54.77 59.11 54.33 54.47 59.05 65.99 52.25 62.73
 51.85 70.41 56.16 68.8  52.92 64.56 48.6  64.02]"
"Race, Income_White, Not in Universe_v","[42.53 49.62 38.27 49.36 39.58 52.2  38.98 48.85 28.9  47.41 24.2  47.99
 23.78 60.17 27.28 59.65 26.5  52.66 20.3  51.48]"
"In-School Status, Age_College or University Student, 25 - 29_r",[ 0.    0.    0.    0.    0.    0.    0.    0.    0.    0.   59.24 69.25]
"In-School Status, Age_College or University Student, 25 - 29_v",[ 0.    0.    0.    0.    0.    0.    0.    0.    0.    0.   28.54 59.3 ]
"In-School Status, Age_College or University Student, 30 - 39_r",[ 0.    0.    0.    0.    0.    0.    0.    0.    0.    0.   67.62 74.25]
"In-School Status, Age_College or University Student, 30 - 39_v",[ 0.    0.    0.    0.    0.    0.    0.    0.    0.    0.   38.93 67.16]
"In-School Status, Age_College or University Student, 40 - 49_r",[ 0.    0.    0.    0.    0.    0.    0.    0.    0.    0.   74.42 72.09]
"In-School Status, Age_College or University Student, 40 - 49_v",[ 0.    0.    0.    0.    0.    0.    0.    0.    0.    0.   48.44 62.49]
"In-School Status, Age_College or University Student, 50 - 65_r",[ 0.    0.    0.    0.    0.    0.    0.    0.    0.    0.   75.96 71.36]
"In-School Status, Age_College or University Student, 50 - 65_v",[ 0.    0.    0.    0.    0.    0.    0.    0.    0.    0.   48.45 70.  ]
"In-School Status, Age_College or University Student, 65+_r",[0. 0. 0. 0. 0. 0. 0. 0. 0. 0. 0. 0.]
"In-School Status, Age_College or University Student, 65+_v",[0. 0. 0. 0. 0. 0. 0. 0. 0. 0. 0. 0.]
"In-School Status, Age_High School Student, 18 - 24_r",[29.54 39.4  23.12 30.03 24.44 42.4  22.97 41.31 20.32 31.76 20.09 29.82]
"In-School Status, Age_High School Student, 18 - 24_v",[15.52 28.93 11.37 24.43 15.84 36.   15.57 35.61 11.99 26.86 10.53 25.92]
"In-School Status, Age_High School Student, 25 - 29_r",[ 0.    0.    0.    0.    0.    0.    0.    0.    0.    0.   23.86 37.21]
"In-School Status, Age_High School Student, 25 - 29_v",[ 0.    0.    0.    0.    0.    0.    0.    0.    0.    0.   13.53 32.53]
"In-School Status, Age_High School Student, 30 - 39_r",[ 0.    0.    0.    0.    0.    0.    0.    0.    0.    0.   20.48 17.  ]
"In-School Status, Age_High School Student, 30 - 39_v",[0.   0.   0.   0.   0.   0.   0.   0.   0.   0.   4.22 9.39]
"In-School Status, Age_High School Student, 40 - 49_r",[ 0.    0.    0.    0.    0.    0.    0.    0.    0.    0.   26.39 40.  ]
"In-School Status, Age_High School Student, 40 - 49_v",[ 0.    0.    0.    0.    0.    0.    0.    0.    0.    0.   12.77 26.16]
"In-School Status, Age_High School Student, 50 - 65_r",[ 0.    0.    0.    0.    0.    0.    0.    0.    0.    0.   18.64  0.  ]
"In-School Status, Age_High School Student, 50 - 65_v",[ 0.    0.    0.    0.    0.    0.    0.    0.    0.    0.   18.64  0.  ]
"In-School Status, Age_High School Student, 65+_r",[0. 0. 0. 0. 0. 0. 0. 0. 0. 0. 0. 0.]
"In-School Status, Age_High School Student, 65+_v",[0. 0. 0. 0. 0. 0. 0. 0. 0. 0. 0. 0.]
"In-School Status, Age_Not in School, 18 - 24_r",[41.08 47.49 40.29 45.24 39.75 50.44 42.5  53.21 42.75 48.42 40.29 52.04]
"In-School Status, Age_Not in School, 18 - 24_v",[18.75 29.11 15.55 29.69 16.89 38.7  19.42 42.11 18.42 34.41 15.66 38.5 ]
"In-School Status, Age_Not in School, 25 - 29_r",[53.33 61.33 56.19 61.35 55.7  63.82 57.25 64.87 54.97 64.26 52.41 61.76]
"In-School Status, Age_Not in School, 25 - 29_v",[31.39 44.88 27.62 46.89 27.51 52.43 30.33 54.67 27.83 50.84 23.15 49.18]
"In-School Status, Age_Not in School, 30 - 39_r",[64.12 68.14 64.79 67.35 63.59 69.27 64.55 69.12 62.66 69.17 62.1  67.57]
"In-School Status, Age_Not in School, 30 - 39_v",[43.35 54.27 39.06 56.72 39.1  60.4  40.14 61.31 37.77 58.01 33.75 57.35]
"In-School Status, Age_Not in School, 40 - 49_r",[72.33 75.   71.22 72.06 69.93 74.28 69.42 71.5  66.96 72.54 65.74 71.74]
"In-School Status, Age_Not in School, 40 - 49_v",[55.29 64.   49.79 63.24 49.84 66.81 49.66 64.94 46.8  63.16 40.73 63.19]
"In-School Status, Age_Not in School, 50 - 65_r",[76.19 78.57 75.88 76.42 74.4  77.8  75.03 75.65 71.64 76.25 71.36 74.39]
"In-School Status, Age_Not in School, 50 - 65_v",[60.79 69.22 58.19 69.16 57.91 71.61 60.17 70.06 56.61 69.18 51.68 67.1 ]
"In-School Status, Age_Not in School, 65+_r",[78.8  79.47 77.68 78.42 78.05 79.26 78.04 77.42 74.86 79.43 75.38 78.03]
"In-School Status, Age_Not in School, 65+_v",[63.27 69.14 61.31 69.63 62.83 71.01 62.53 70.31 60.76 72.   59.4  70.89]
"Race, Income_Non-White or Hispanic, 0K_12.5K_r",[ 0.   58.21 54.9  57.06 54.38 62.57 54.22 63.27 53.02 60.5  50.87 55.53]
"Race, Income_Non-White or Hispanic, 0K_12.5K_v",[ 0.   41.94 30.41 41.67 29.5  47.76 26.81 53.21 30.9  50.02 26.43 42.52]
"Race, Income_Non-White or Hispanic, 100K+_r",[ 0.   78.23 72.21 74.51 70.22 73.65 70.39 76.9  64.6  71.51 62.35 70.36]
"Race, Income_Non-White or Hispanic, 100K+_v",[ 0.   68.29 53.1  66.67 50.43 68.87 52.15 69.86 46.33 63.85 38.79 63.77]
"Race, Income_Non-White or Hispanic, 12.5K_20K_r",[ 0.   58.8  55.69 61.12 55.77 60.98 56.57 64.94 52.2  60.39 53.11 58.72]
"Race, Income_Non-White or Hispanic, 12.5K_20K_v",[ 0.   43.36 33.6  46.88 33.21 50.09 33.43 55.99 30.2  49.39 29.88 46.47]
"Race, Income_Non-White or Hispanic, 20K_40K_r",[ 0.   64.93 60.7  63.39 57.76 65.66 59.06 65.78 54.46 61.92 54.14 58.29]
"Race, Income_Non-White or Hispanic, 20K_40K_v",[ 0.   50.61 37.79 51.72 35.91 54.94 35.46 57.09 34.99 53.58 31.34 47.61]
"Race, Income_Non-White or Hispanic, 40K_60K_r",[ 0.   69.39 64.37 67.03 62.44 68.59 64.83 70.63 57.51 65.17 54.82 61.16]
"Race, Income_Non-White or Hispanic, 40K_60K_v",[ 0.   56.18 42.26 56.96 40.99 58.58 42.98 61.92 39.21 56.02 31.25 52.01]
"Race, Income_Non-White or Hispanic, 60K_75K_r",[ 0.   77.91 70.87 71.76 62.81 73.18 69.3  73.91 58.86 70.01 60.82 65.47]
"Race, Income_Non-White or Hispanic, 60K_75K_v",[ 0.   66.45 47.23 60.64 45.05 65.59 49.17 66.66 39.02 61.56 36.63 55.45]
"Race, Income_Non-White or Hispanic, 75K_100K_r",[ 0.    0.    0.    0.    0.   72.54 65.33 76.94 61.24 69.31 63.77 66.66]
"Race, Income_Non-White or Hispanic, 75K_100K_v",[ 0.    0.    0.    0.    0.   66.89 46.46 71.69 43.9  61.29 39.71 58.3 ]
"Race, Income_Non-White or Hispanic, Not in Universe_r","[49.29 45.38 49.5  45.66 45.55 39.47 43.73 61.03 56.2  59.5  57.32 60.94
 56.4  62.92 52.8  58.36 50.67 57.52]"
"Race, Income_Non-White or Hispanic, Not in Universe_v","[39.68 31.09 42.28 30.66 38.85 26.73 39.89 44.69 31.94 43.75 32.51 47.34
 32.11 49.19 29.89 43.65 25.99 43.33]"
"Race, Income_White Non-Hispanic, 100K+_r",[ 0.   85.86 80.67 82.49 79.61 87.57 83.63 86.18 77.21 83.   75.43 81.98]
"Race, Income_White Non-Hispanic, 100K+_v",[ 0.   76.54 59.64 75.38 59.58 82.91 65.32 81.39 59.69 76.16 54.83 75.59]
"Race, Income_White Non-Hispanic, 12.5K_20K_r",[ 0.   67.79 63.89 66.27 64.24 68.79 64.71 68.16 59.59 62.69 56.8  63.37]
"Race, Income_White Non-Hispanic, 12.5K_20K_v",[ 0.   52.07 41.32 51.71 41.5  57.67 42.54 56.05 36.88 49.41 33.14 50.81]
"Race, Income_White Non-Hispanic, 20K_40K_r",[ 0.   71.66 67.59 70.32 67.03 72.86 70.07 72.75 63.53 68.45 62.45 67.63]
"Race, Income_White Non-Hispanic, 20K_40K_v",[ 0.   58.27 44.78 59.   45.1  63.01 49.2  62.51 43.17 57.02 39.7  57.27]
"Race, Income_White Non-Hispanic, 40K_60K_r",[ 0.   77.01 73.79 76.25 72.96 79.91 74.94 76.93 67.29 73.23 68.41 72.46]
"Race, Income_White Non-Hispanic, 40K_60K_v",[ 0.   65.39 50.54 66.37 51.62 71.74 53.77 69.16 47.82 63.67 46.16 63.88]
"Race, Income_White Non-Hispanic, 60K_75K_r",[ 0.   83.16 77.43 80.07 76.45 82.92 79.06 80.93 71.86 76.13 72.05 76.76]
"Race, Income_White Non-Hispanic, 60K_75K_v",[ 0.   72.53 53.86 70.89 55.11 75.55 58.01 74.41 52.32 67.18 48.49 68.32]
"Race, Income_White Non-Hispanic, 75K_100K_r",[ 0.    0.    0.    0.    0.   84.85 79.24 82.65 73.69 78.22 72.98 76.33]
"Race, Income_White Non-Hispanic, 75K_100K_v",[ 0.    0.    0.    0.    0.   79.08 59.1  76.71 55.55 70.72 50.8  69.3 ]
"Race, Income_White Non-Hispanic, Not in Universe_r","[59.92 55.35 57.38 55.79 60.66 55.96 55.73 67.24 71.21 67.77 70.31 67.51
 73.44 69.18 72.38 66.7  72.7  66.62 72.16]"
"Race, Income_White Non-Hispanic, Not in Universe_v","[50.42 39.16 50.2  40.59 53.81 40.69 50.07 47.92 58.31 45.43 60.06 46.75
 65.05 49.23 65.04 46.85 63.26 43.97 63.07]"
"Nativity and Parent's Nativity_Born in USA, Both Parents Born Outside USA_r",[71.1  72.16 68.49 68.4  63.44 64.52 60.56 65.03 56.46 62.74 49.19 59.59]
"Nativity and Parent's Nativity_Born in USA, Both Parents Born Outside USA_v",[55.25 61.52 48.9  58.14 44.81 56.07 40.33 56.95 36.56 52.19 26.2  50.39]
"Nativity and Parent's Nativity_Born in USA, One Parent Born Outside USA_r",[72.65 77.85 71.45 74.3  71.62 77.15 71.75 73.63 70.48 74.12 67.39 73.57]
"Nativity and Parent's Nativity_Born in USA, One Parent Born Outside USA_v",[55.48 66.26 50.73 64.81 53.14 69.68 52.17 65.63 51.39 65.16 43.18 64.15]
"Nativity and Parent's Nativity_Not Born in USA, Both Parents Born in USA_r",[63.59 68.54 64.81 66.   66.14 75.2  70.86 75.29 68.34 75.91 67.96 73.04]
"Nativity and Parent's Nativity_Not Born in USA, Both Parents Born in USA_v",[43.84 56.93 42.91 57.43 45.39 69.15 48.56 69.42 48.08 65.33 41.9  66.32]
"Nativity and Parent's Nativity_Not Born in USA, Both Parents Born Outside USA_r",[57.15 61.35 54.61 57.69 54.27 59.63 52.89 59.45 53.13 61.25 55.37 60.33]
"Nativity and Parent's Nativity_Not Born in USA, Both Parents Born Outside USA_v",[42.43 50.87 37.47 49.98 35.97 51.89 35.6  52.77 35.9  52.8  33.26 52.74]
"Nativity and Parent's Nativity_Not Born in USA, One Parent Born Outside USA_r",[45.59 54.54 49.33 57.31 55.59 61.08 51.95 64.27 56.97 63.48 63.02 65.26]
"Nativity and Parent's Nativity_Not Born in USA, One Parent Born Outside USA_v",[38.55 44.46 30.31 47.33 31.85 54.69 30.95 53.64 40.15 53.44 38.67 56.68]
Years in US_0-5 Years in US_r,[23.86 23.84 25.14 33.51 22.81 44.33 33.27 52.4  41.83 45.77 30.9  55.63]
Years in US_0-5 Years in US_v,[12.02 20.    9.26 23.01 12.78 34.4  20.61 44.9  23.36 39.28 15.14 44.06]
Years in US_11-15 Years in US_r,[45.26 51.66 41.74 45.32 42.71 54.9  47.03 53.93 47.32 57.09 48.6  51.27]
Years in US_11-15 Years in US_v,[32.05 40.34 26.58 39.36 27.03 45.61 26.62 46.21 28.97 48.97 24.94 42.89]
Years in US_16-20 Years in US_r,[44.07 54.99 39.1  53.63 47.92 54.55 46.53 56.52 45.46 55.23 53.32 58.48]
Years in US_16-20 Years in US_v,[29.06 43.38 24.39 44.95 27.15 46.68 25.72 49.59 29.64 48.25 28.11 50.69]
Years in US_21-25 Years in US_r,[53.19 57.37 50.24 54.74 53.87 57.35 47.35 55.38 51.15 59.72 53.43 61.53]
Years in US_21-25 Years in US_v,[38.01 45.22 29.37 46.99 34.03 50.9  28.44 48.43 33.13 49.95 31.75 53.86]
Years in US_26+ Years in US_r,[68.68 69.59 66.96 67.34 64.01 67.09 63.06 65.92 61.88 67.95 62.32 65.24]
Years in US_26+ Years in US_v,[53.7  58.74 48.51 59.62 44.09 59.52 45.82 59.62 44.14 58.65 39.72 57.69]
Years in US_6-10 Years in US_r,[30.39 41.29 36.08 44.49 32.74 46.3  28.3  48.82 37.09 50.65 40.39 48.81]
Years in US_6-10 Years in US_v,[18.89 34.3  21.95 36.06 20.24 40.29 16.94 40.95 21.54 43.64 23.65 43.29]
